index,lang_id
1,
2,
3,
4,
5,
6,
7,
8,
9,
10,
11,
12,
13,zul
14,
15,
16,
17,tso
18,
19,
20,nbl
21,
22,
23,
24,
25,
26,
27,
28,
29,
30,sot
31,
32,
33,
34,
35,ssw
36,
37,
38,eng
39,
40,
41,
42,
43,afr
44,
45,
46,
47,
48,
49,
50,afr
51,tsn
52,tso
53,
54,
55,
56,sot
57,zul
58,nso
59,
60,
61,
62,
63,
64,
65,
66,
67,
68,
69,
70,
71,
72,
73,
74,
75,
76,
77,
78,
79,
80,
81,
82,
83,
84,
85,
86,
87,
88,
89,
90,tsn
91,
92,
93,
94,
95,
96,
97,ssw
98,
99,tsn
100,nbl
101,
102,tso
103,
104,
105,
106,
107,
108,
109,tsn
110,
111,
112,
113,
114,
115,
116,
117,
118,
119,
120,
121,afr
122,
123,
124,
125,
126,eng
127,
128,
129,
130,
131,
132,
133,
134,
135,
136,
137,eng
138,
139,xho
140,
141,
142,
143,
144,
145,ven
146,
147,
148,
149,
150,
151,
152,afr
153,
154,
155,
156,nso
157,
158,
159,
160,
161,
162,
163,
164,
165,
166,ven
167,ven
168,
169,
170,
171,tsn
172,
173,nbl
174,tso
175,
176,
177,
178,
179,
180,
181,
182,
183,
184,
185,
186,sot
187,
188,
189,
190,ven
191,zul
192,
193,
194,
195,
196,
197,ssw
198,
199,
200,
201,
202,
203,
204,
205,
206,
207,
208,
209,
210,ssw
211,
212,
213,
214,xho
215,
216,
217,
218,xho
219,ven
220,
221,tsn
222,sot
223,tsn
224,
225,
226,
227,
228,
229,
230,eng
231,tso
232,
233,
234,
235,
236,
237,
238,
239,
240,
241,ven
242,
243,
244,
245,
246,
247,
248,
249,
250,
251,
252,xho
253,
254,nso
255,
256,
257,afr
258,
259,
260,
261,
262,
263,
264,
265,
266,
267,tsn
268,
269,
270,
271,
272,
273,
274,
275,
276,
277,tsn
278,
279,
280,
281,
282,tso
283,afr
284,
285,
286,
287,
288,
289,
290,
291,
292,
293,
294,
295,
296,
297,
298,
299,
300,
301,
302,
303,
304,eng
305,
306,
307,
308,
309,
310,eng
311,
312,
313,afr
314,
315,
316,ven
317,eng
318,
319,
320,
321,
322,
323,
324,
325,sot
326,
327,
328,nbl
329,
330,
331,
332,afr
333,
334,
335,ven
336,
337,
338,
339,
340,
341,tso
342,
343,
344,
345,
346,
347,
348,
349,
350,
351,
352,
353,sot
354,
355,
356,
357,
358,
359,
360,nbl
361,
362,zul
363,
364,
365,
366,ven
367,sot
368,
369,
370,
371,
372,
373,
374,
375,
376,
377,eng
378,
379,
380,zul
381,
382,
383,
384,
385,
386,
387,
388,
389,xho
390,
391,
392,
393,
394,
395,
396,
397,
398,
399,
400,nso
401,
402,
403,
404,
405,
406,
407,
408,
409,
410,
411,
412,ven
413,
414,
415,
416,
417,eng
418,
419,nbl
420,
421,
422,
423,
424,
425,
426,
427,
428,nbl
429,
430,
431,
432,tsn
433,
434,
435,
436,
437,
438,
439,
440,
441,
442,
443,xho
444,tso
445,
446,
447,
448,
449,
450,
451,
452,
453,ssw
454,afr
455,nso
456,
457,
458,tso
459,
460,ssw
461,
462,
463,
464,
465,
466,xho
467,
468,
469,
470,eng
471,afr
472,
473,
474,
475,
476,
477,
478,
479,
480,
481,ven
482,
483,sot
484,nso
485,
486,
487,
488,tsn
489,sot
490,nso
491,
492,
493,
494,
495,
496,
497,
498,eng
499,
500,
501,
502,
503,
504,
505,
506,
507,
508,eng
509,
510,
511,
512,
513,
514,
515,
516,ven
517,
518,
519,
520,sot
521,
522,
523,
524,
525,
526,
527,
528,
529,
530,ssw
531,
532,
533,
534,
535,
536,
537,
538,
539,nso
540,
541,
542,
543,
544,
545,
546,
547,zul
548,
549,
550,
551,
552,
553,
554,
555,
556,
557,
558,
559,
560,
561,
562,
563,
564,ssw
565,
566,
567,
568,
569,
570,
571,
572,
573,
574,
575,
576,afr
577,
578,tso
579,
580,
581,
582,
583,
584,
585,
586,
587,
588,eng
589,xho
590,nso
591,
592,afr
593,
594,
595,
596,
597,
598,
599,
600,xho
601,
602,
603,
604,
605,
606,
607,
608,
609,xho
610,
611,
612,
613,
614,
615,
616,
617,
618,nbl
619,
620,
621,
622,
623,
624,
625,eng
626,ven
627,
628,
629,eng
630,
631,
632,
633,
634,
635,
636,ven
637,ssw
638,
639,
640,eng
641,zul
642,
643,
644,
645,sot
646,eng
647,
648,ven
649,sot
650,sot
651,
652,
653,
654,
655,
656,
657,
658,
659,
660,
661,
662,
663,
664,afr
665,
666,zul
667,
668,
669,
670,eng
671,
672,
673,
674,nbl
675,
676,
677,
678,
679,
680,
681,ven
682,
683,
684,
685,
686,
687,
688,zul
689,
690,
691,
692,
693,
694,
695,
696,
697,
698,
699,
700,
701,nso
702,
703,
704,zul
705,
706,
707,
708,
709,sot
710,
711,
712,
713,
714,
715,
716,
717,
718,
719,
720,
721,
722,
723,
724,
725,
726,
727,
728,
729,
730,ssw
731,
732,
733,tso
734,ssw
735,
736,ven
737,
738,ssw
739,ven
740,
741,
742,
743,
744,
745,
746,
747,zul
748,
749,
750,
751,
752,
753,
754,
755,
756,
757,
758,
759,xho
760,
761,
762,
763,ssw
764,
765,
766,xho
767,eng
768,
769,
770,
771,
772,
773,
774,
775,xho
776,ssw
777,
778,
779,
780,xho
781,
782,
783,
784,
785,
786,
787,
788,
789,
790,
791,
792,
793,
794,
795,
796,
797,
798,
799,
800,
801,
802,
803,
804,
805,
806,
807,
808,
809,
810,
811,afr
812,
813,
814,
815,
816,
817,
818,
819,
820,
821,
822,
823,
824,
825,
826,sot
827,xho
828,
829,tso
830,
831,afr
832,
833,
834,
835,eng
836,
837,
838,
839,
840,
841,
842,
843,nso
844,
845,
846,
847,nso
848,
849,
850,
851,
852,nso
853,
854,
855,ssw
856,
857,
858,
859,
860,
861,
862,
863,
864,sot
865,
866,
867,tsn
868,
869,eng
870,
871,
872,
873,
874,
875,
876,
877,
878,
879,
880,
881,
882,
883,
884,
885,
886,
887,
888,
889,
890,
891,
892,
893,ven
894,
895,ssw
896,
897,
898,ssw
899,
900,tso
901,
902,
903,
904,sot
905,
906,
907,xho
908,
909,
910,
911,
912,
913,
914,xho
915,
916,
917,
918,nbl
919,
920,eng
921,
922,
923,
924,xho
925,
926,
927,
928,
929,
930,
931,
932,
933,
934,
935,
936,
937,
938,tso
939,
940,
941,
942,eng
943,
944,
945,
946,
947,
948,eng
949,
950,
951,
952,
953,
954,
955,
956,
957,
958,
959,
960,ssw
961,
962,
963,
964,
965,
966,ven
967,
968,
969,
970,
971,
972,
973,
974,tsn
975,
976,
977,
978,
979,
980,
981,
982,
983,sot
984,
985,ssw
986,
987,zul
988,
989,afr
990,
991,ssw
992,
993,afr
994,
995,
996,
997,
998,
999,
1000,
1001,
1002,
1003,
1004,
1005,
1006,nbl
1007,tsn
1008,
1009,
1010,
1011,
1012,
1013,
1014,
1015,
1016,tsn
1017,
1018,nso
1019,
1020,
1021,ssw
1022,
1023,
1024,afr
1025,
1026,
1027,ven
1028,
1029,
1030,
1031,
1032,
1033,nbl
1034,
1035,
1036,
1037,
1038,
1039,
1040,zul
1041,
1042,
1043,sot
1044,
1045,ven
1046,
1047,zul
1048,
1049,eng
1050,
1051,tsn
1052,
1053,
1054,
1055,zul
1056,
1057,
1058,xho
1059,
1060,tso
1061,ssw
1062,
1063,
1064,
1065,tsn
1066,
1067,
1068,ven
1069,
1070,
1071,
1072,
1073,
1074,
1075,eng
1076,
1077,
1078,
1079,
1080,
1081,
1082,
1083,
1084,eng
1085,
1086,nso
1087,
1088,
1089,
1090,
1091,
1092,
1093,
1094,
1095,
1096,zul
1097,
1098,
1099,
1100,
1101,
1102,eng
1103,
1104,
1105,
1106,
1107,nso
1108,tsn
1109,
1110,nbl
1111,
1112,ven
1113,
1114,
1115,
1116,
1117,
1118,ven
1119,
1120,
1121,tsn
1122,
1123,
1124,
1125,
1126,
1127,
1128,
1129,
1130,
1131,afr
1132,
1133,
1134,
1135,
1136,eng
1137,xho
1138,nbl
1139,
1140,
1141,
1142,
1143,
1144,
1145,
1146,tsn
1147,sot
1148,
1149,
1150,
1151,
1152,
1153,
1154,
1155,
1156,
1157,
1158,zul
1159,
1160,xho
1161,
1162,
1163,
1164,
1165,
1166,
1167,
1168,
1169,
1170,
1171,
1172,
1173,
1174,
1175,
1176,
1177,
1178,sot
1179,
1180,eng
1181,
1182,
1183,
1184,eng
1185,
1186,
1187,
1188,ssw
1189,
1190,
1191,tso
1192,
1193,
1194,
1195,
1196,
1197,
1198,
1199,
1200,
1201,
1202,
1203,afr
1204,
1205,sot
1206,
1207,
1208,
1209,
1210,
1211,
1212,
1213,
1214,
1215,
1216,tso
1217,sot
1218,
1219,
1220,nbl
1221,
1222,
1223,
1224,
1225,
1226,
1227,
1228,
1229,tso
1230,
1231,
1232,
1233,
1234,afr
1235,
1236,
1237,
1238,
1239,
1240,tsn
1241,
1242,
1243,
1244,
1245,
1246,
1247,
1248,tso
1249,afr
1250,
1251,nso
1252,
1253,
1254,
1255,
1256,
1257,
1258,zul
1259,xho
1260,
1261,nbl
1262,
1263,
1264,xho
1265,
1266,
1267,
1268,ven
1269,
1270,
1271,
1272,
1273,
1274,
1275,
1276,
1277,
1278,
1279,eng
1280,
1281,
1282,
1283,
1284,
1285,
1286,
1287,
1288,tsn
1289,afr
1290,
1291,
1292,
1293,
1294,
1295,eng
1296,zul
1297,
1298,
1299,sot
1300,
1301,ven
1302,
1303,zul
1304,
1305,
1306,
1307,
1308,ven
1309,
1310,nso
1311,
1312,
1313,
1314,tso
1315,
1316,
1317,nso
1318,
1319,
1320,
1321,
1322,
1323,
1324,ven
1325,
1326,
1327,nbl
1328,
1329,
1330,
1331,zul
1332,
1333,
1334,
1335,
1336,
1337,
1338,
1339,
1340,afr
1341,
1342,
1343,
1344,nbl
1345,nso
1346,zul
1347,
1348,
1349,sot
1350,
1351,
1352,
1353,
1354,
1355,ssw
1356,tsn
1357,
1358,
1359,
1360,
1361,
1362,
1363,
1364,
1365,
1366,
1367,
1368,
1369,
1370,
1371,
1372,
1373,
1374,xho
1375,
1376,
1377,
1378,
1379,
1380,
1381,
1382,
1383,
1384,
1385,
1386,
1387,
1388,nso
1389,
1390,
1391,eng
1392,
1393,ssw
1394,
1395,
1396,
1397,
1398,
1399,nso
1400,
1401,ven
1402,
1403,
1404,
1405,
1406,zul
1407,
1408,afr
1409,
1410,zul
1411,
1412,
1413,ven
1414,tso
1415,
1416,
1417,
1418,
1419,
1420,
1421,
1422,tsn
1423,
1424,
1425,
1426,
1427,
1428,tso
1429,
1430,
1431,
1432,
1433,
1434,
1435,
1436,
1437,
1438,
1439,
1440,ven
1441,
1442,
1443,
1444,
1445,
1446,
1447,
1448,xho
1449,
1450,
1451,
1452,sot
1453,
1454,ssw
1455,
1456,ven
1457,
1458,
1459,
1460,
1461,ven
1462,
1463,
1464,
1465,
1466,sot
1467,ven
1468,
1469,
1470,
1471,
1472,nbl
1473,
1474,tso
1475,
1476,
1477,
1478,
1479,
1480,
1481,
1482,
1483,
1484,nso
1485,
1486,
1487,
1488,afr
1489,
1490,ven
1491,
1492,
1493,
1494,
1495,
1496,xho
1497,
1498,eng
1499,
1500,
1501,afr
1502,
1503,
1504,
1505,
1506,
1507,
1508,
1509,
1510,
1511,
1512,
1513,
1514,nso
1515,
1516,
1517,
1518,
1519,
1520,
1521,
1522,
1523,
1524,
1525,
1526,
1527,
1528,
1529,
1530,
1531,
1532,
1533,
1534,
1535,
1536,
1537,
1538,
1539,
1540,
1541,
1542,
1543,
1544,tso
1545,afr
1546,
1547,
1548,afr
1549,tso
1550,xho
1551,nso
1552,
1553,zul
1554,sot
1555,
1556,
1557,
1558,
1559,
1560,
1561,
1562,
1563,nso
1564,
1565,
1566,
1567,
1568,
1569,
1570,
1571,eng
1572,
1573,tso
1574,
1575,
1576,
1577,
1578,
1579,zul
1580,
1581,
1582,nso
1583,
1584,ven
1585,
1586,
1587,
1588,
1589,ven
1590,
1591,tsn
1592,
1593,
1594,
1595,
1596,
1597,ven
1598,
1599,
1600,
1601,
1602,
1603,
1604,nso
1605,
1606,tsn
1607,
1608,
1609,
1610,
1611,
1612,
1613,nso
1614,
1615,
1616,
1617,
1618,
1619,
1620,
1621,
1622,
1623,
1624,
1625,
1626,
1627,
1628,
1629,
1630,
1631,
1632,
1633,
1634,
1635,zul
1636,
1637,
1638,
1639,
1640,
1641,
1642,
1643,
1644,
1645,
1646,
1647,
1648,
1649,ssw
1650,
1651,
1652,
1653,
1654,
1655,
1656,
1657,
1658,tso
1659,
1660,
1661,
1662,
1663,
1664,
1665,afr
1666,
1667,
1668,
1669,
1670,
1671,eng
1672,
1673,
1674,
1675,
1676,
1677,
1678,
1679,
1680,nso
1681,
1682,
1683,
1684,
1685,tso
1686,tsn
1687,
1688,
1689,
1690,
1691,
1692,xho
1693,afr
1694,tsn
1695,
1696,
1697,
1698,
1699,
1700,nbl
1701,
1702,
1703,
1704,
1705,
1706,
1707,
1708,
1709,
1710,
1711,
1712,nso
1713,
1714,
1715,
1716,
1717,
1718,
1719,
1720,
1721,afr
1722,
1723,
1724,
1725,ven
1726,eng
1727,
1728,
1729,
1730,
1731,
1732,
1733,
1734,
1735,
1736,
1737,zul
1738,
1739,
1740,
1741,
1742,
1743,
1744,
1745,
1746,
1747,
1748,
1749,
1750,
1751,
1752,
1753,
1754,afr
1755,
1756,
1757,
1758,
1759,
1760,nso
1761,tso
1762,
1763,
1764,
1765,
1766,
1767,
1768,
1769,
1770,
1771,nbl
1772,nso
1773,
1774,
1775,
1776,
1777,sot
1778,
1779,
1780,sot
1781,
1782,
1783,
1784,tso
1785,
1786,
1787,
1788,
1789,afr
1790,
1791,
1792,
1793,
1794,
1795,
1796,
1797,
1798,
1799,xho
1800,
1801,
1802,
1803,
1804,
1805,
1806,
1807,
1808,
1809,
1810,
1811,nso
1812,
1813,xho
1814,
1815,
1816,
1817,
1818,
1819,
1820,
1821,tsn
1822,tsn
1823,
1824,
1825,
1826,
1827,
1828,
1829,
1830,afr
1831,ven
1832,nso
1833,
1834,
1835,
1836,
1837,xho
1838,
1839,
1840,
1841,tso
1842,
1843,
1844,
1845,
1846,
1847,nbl
1848,
1849,
1850,
1851,
1852,
1853,
1854,
1855,
1856,
1857,
1858,
1859,
1860,
1861,ven
1862,
1863,sot
1864,
1865,
1866,
1867,
1868,
1869,
1870,
1871,
1872,tso
1873,
1874,
1875,eng
1876,
1877,nso
1878,
1879,
1880,ven
1881,
1882,tsn
1883,nbl
1884,
1885,
1886,
1887,
1888,
1889,
1890,
1891,
1892,
1893,
1894,sot
1895,
1896,xho
1897,
1898,
1899,
1900,
1901,
1902,
1903,
1904,
1905,nso
1906,
1907,
1908,
1909,
1910,ssw
1911,
1912,
1913,xho
1914,
1915,
1916,
1917,
1918,
1919,
1920,
1921,
1922,
1923,
1924,ssw
1925,
1926,
1927,eng
1928,tso
1929,
1930,
1931,
1932,tsn
1933,
1934,
1935,
1936,
1937,
1938,
1939,
1940,
1941,
1942,
1943,
1944,
1945,tso
1946,
1947,
1948,
1949,
1950,
1951,tsn
1952,
1953,
1954,
1955,
1956,
1957,
1958,
1959,
1960,
1961,
1962,
1963,
1964,tsn
1965,
1966,
1967,
1968,ssw
1969,
1970,
1971,
1972,
1973,ssw
1974,
1975,
1976,
1977,
1978,
1979,
1980,
1981,
1982,
1983,eng
1984,nbl
1985,
1986,
1987,sot
1988,
1989,
1990,
1991,
1992,
1993,
1994,
1995,
1996,
1997,
1998,
1999,eng
2000,nso
2001,
2002,
2003,
2004,
2005,
2006,
2007,
2008,
2009,
2010,
2011,
2012,
2013,
2014,
2015,
2016,
2017,tso
2018,tsn
2019,
2020,
2021,tso
2022,nso
2023,
2024,
2025,
2026,xho
2027,
2028,
2029,nbl
2030,
2031,
2032,
2033,
2034,
2035,ven
2036,eng
2037,
2038,
2039,
2040,
2041,
2042,
2043,
2044,
2045,
2046,
2047,
2048,
2049,
2050,
2051,
2052,nso
2053,
2054,zul
2055,
2056,
2057,
2058,
2059,
2060,
2061,
2062,
2063,
2064,
2065,
2066,zul
2067,
2068,
2069,nbl
2070,ven
2071,zul
2072,
2073,tso
2074,sot
2075,
2076,
2077,
2078,zul
2079,
2080,ven
2081,
2082,eng
2083,ven
2084,
2085,
2086,
2087,
2088,
2089,
2090,
2091,
2092,
2093,zul
2094,
2095,
2096,
2097,
2098,tsn
2099,
2100,
2101,
2102,
2103,
2104,
2105,sot
2106,sot
2107,nso
2108,
2109,ssw
2110,
2111,
2112,
2113,
2114,
2115,
2116,
2117,
2118,
2119,nbl
2120,
2121,
2122,
2123,zul
2124,
2125,
2126,
2127,
2128,
2129,
2130,
2131,tsn
2132,
2133,
2134,
2135,
2136,nbl
2137,ven
2138,afr
2139,
2140,nbl
2141,
2142,
2143,
2144,nbl
2145,
2146,
2147,afr
2148,
2149,eng
2150,
2151,
2152,
2153,
2154,
2155,
2156,
2157,
2158,
2159,ven
2160,
2161,
2162,
2163,
2164,tso
2165,
2166,
2167,eng
2168,
2169,
2170,ven
2171,
2172,
2173,tso
2174,
2175,
2176,
2177,
2178,
2179,ven
2180,
2181,
2182,
2183,
2184,
2185,
2186,
2187,
2188,zul
2189,
2190,
2191,
2192,
2193,
2194,
2195,
2196,
2197,
2198,ssw
2199,
2200,
2201,
2202,
2203,ssw
2204,
2205,
2206,
2207,
2208,xho
2209,
2210,ven
2211,ssw
2212,
2213,
2214,
2215,
2216,
2217,
2218,
2219,
2220,
2221,
2222,afr
2223,
2224,
2225,tsn
2226,
2227,
2228,tso
2229,
2230,
2231,
2232,
2233,
2234,
2235,
2236,
2237,
2238,
2239,
2240,nbl
2241,
2242,
2243,
2244,
2245,xho
2246,
2247,
2248,
2249,
2250,
2251,
2252,
2253,
2254,nbl
2255,
2256,
2257,tso
2258,
2259,
2260,zul
2261,
2262,
2263,
2264,
2265,
2266,eng
2267,
2268,
2269,
2270,
2271,
2272,nbl
2273,
2274,
2275,
2276,
2277,afr
2278,nso
2279,tso
2280,
2281,
2282,
2283,
2284,afr
2285,
2286,
2287,
2288,
2289,
2290,
2291,
2292,ven
2293,
2294,
2295,sot
2296,tso
2297,
2298,
2299,
2300,
2301,
2302,
2303,
2304,
2305,
2306,
2307,
2308,
2309,
2310,
2311,
2312,
2313,eng
2314,
2315,
2316,nbl
2317,
2318,
2319,
2320,
2321,nso
2322,
2323,
2324,
2325,
2326,
2327,xho
2328,
2329,sot
2330,sot
2331,sot
2332,
2333,
2334,
2335,
2336,tsn
2337,
2338,
2339,
2340,
2341,
2342,eng
2343,
2344,zul
2345,sot
2346,nbl
2347,
2348,
2349,
2350,
2351,sot
2352,nso
2353,
2354,
2355,
2356,
2357,
2358,
2359,
2360,
2361,ven
2362,
2363,
2364,tso
2365,
2366,afr
2367,
2368,afr
2369,
2370,sot
2371,
2372,
2373,
2374,
2375,
2376,
2377,
2378,
2379,
2380,ssw
2381,
2382,
2383,
2384,
2385,
2386,
2387,
2388,
2389,
2390,
2391,
2392,
2393,
2394,
2395,nso
2396,
2397,
2398,
2399,
2400,
2401,
2402,
2403,
2404,afr
2405,
2406,afr
2407,
2408,
2409,
2410,nbl
2411,tsn
2412,
2413,
2414,xho
2415,
2416,
2417,
2418,ssw
2419,
2420,
2421,
2422,
2423,
2424,
2425,
2426,afr
2427,
2428,
2429,
2430,
2431,eng
2432,
2433,
2434,afr
2435,
2436,
2437,
2438,
2439,
2440,
2441,nso
2442,
2443,
2444,
2445,
2446,
2447,
2448,
2449,
2450,
2451,
2452,
2453,
2454,
2455,ssw
2456,zul
2457,tsn
2458,
2459,
2460,
2461,sot
2462,
2463,
2464,nbl
2465,
2466,
2467,
2468,
2469,
2470,
2471,
2472,
2473,
2474,
2475,
2476,
2477,sot
2478,
2479,
2480,
2481,
2482,
2483,
2484,
2485,
2486,
2487,
2488,tsn
2489,
2490,
2491,nbl
2492,
2493,
2494,
2495,
2496,
2497,
2498,
2499,
2500,
2501,
2502,
2503,
2504,
2505,
2506,
2507,
2508,
2509,ven
2510,ven
2511,ssw
2512,
2513,
2514,
2515,
2516,
2517,
2518,xho
2519,
2520,zul
2521,
2522,
2523,eng
2524,tsn
2525,zul
2526,
2527,tsn
2528,
2529,
2530,tsn
2531,
2532,
2533,
2534,
2535,
2536,
2537,
2538,eng
2539,
2540,
2541,
2542,
2543,
2544,
2545,
2546,
2547,
2548,tsn
2549,tsn
2550,
2551,
2552,
2553,
2554,
2555,
2556,
2557,ven
2558,xho
2559,
2560,
2561,
2562,
2563,
2564,
2565,
2566,
2567,
2568,
2569,ven
2570,
2571,eng
2572,
2573,
2574,
2575,tsn
2576,
2577,
2578,ven
2579,zul
2580,zul
2581,zul
2582,sot
2583,
2584,
2585,
2586,
2587,
2588,
2589,
2590,
2591,nbl
2592,nbl
2593,ssw
2594,
2595,tsn
2596,
2597,
2598,
2599,
2600,eng
2601,
2602,
2603,
2604,eng
2605,
2606,
2607,
2608,
2609,
2610,
2611,ven
2612,
2613,
2614,
2615,
2616,
2617,
2618,
2619,
2620,
2621,
2622,
2623,
2624,
2625,
2626,
2627,
2628,
2629,
2630,
2631,nbl
2632,eng
2633,
2634,
2635,
2636,
2637,
2638,
2639,tsn
2640,
2641,
2642,
2643,
2644,
2645,
2646,
2647,
2648,
2649,
2650,
2651,
2652,
2653,
2654,eng
2655,
2656,
2657,
2658,
2659,
2660,nso
2661,
2662,
2663,
2664,
2665,
2666,ven
2667,
2668,
2669,
2670,
2671,
2672,nso
2673,
2674,afr
2675,nso
2676,nso
2677,
2678,
2679,
2680,
2681,
2682,
2683,
2684,
2685,
2686,
2687,zul
2688,
2689,
2690,
2691,
2692,
2693,
2694,
2695,ssw
2696,
2697,ven
2698,
2699,
2700,
2701,
2702,
2703,
2704,
2705,
2706,nbl
2707,eng
2708,
2709,nso
2710,
2711,
2712,
2713,ven
2714,
2715,
2716,
2717,
2718,
2719,
2720,
2721,
2722,
2723,
2724,zul
2725,
2726,
2727,
2728,
2729,
2730,
2731,
2732,
2733,
2734,
2735,
2736,
2737,
2738,
2739,
2740,
2741,
2742,
2743,
2744,eng
2745,
2746,
2747,
2748,
2749,
2750,
2751,
2752,
2753,
2754,
2755,
2756,
2757,
2758,
2759,
2760,
2761,xho
2762,
2763,
2764,
2765,
2766,
2767,ven
2768,
2769,
2770,
2771,
2772,
2773,xho
2774,
2775,tsn
2776,zul
2777,
2778,
2779,
2780,
2781,
2782,
2783,
2784,
2785,
2786,
2787,
2788,
2789,
2790,tso
2791,
2792,tsn
2793,ssw
2794,tso
2795,
2796,
2797,
2798,afr
2799,
2800,
2801,tso
2802,
2803,
2804,
2805,
2806,
2807,
2808,
2809,tsn
2810,
2811,
2812,
2813,
2814,
2815,nso
2816,
2817,
2818,
2819,
2820,
2821,
2822,nso
2823,
2824,nso
2825,tsn
2826,
2827,
2828,eng
2829,tso
2830,
2831,
2832,
2833,
2834,
2835,
2836,
2837,
2838,
2839,
2840,
2841,
2842,
2843,
2844,tsn
2845,zul
2846,
2847,
2848,
2849,eng
2850,
2851,
2852,
2853,
2854,zul
2855,
2856,
2857,
2858,
2859,
2860,
2861,
2862,
2863,
2864,
2865,
2866,
2867,
2868,
2869,
2870,tsn
2871,
2872,
2873,
2874,
2875,nbl
2876,nso
2877,afr
2878,
2879,
2880,
2881,
2882,
2883,
2884,
2885,
2886,
2887,
2888,tso
2889,
2890,tso
2891,
2892,
2893,afr
2894,
2895,
2896,
2897,
2898,
2899,tso
2900,
2901,
2902,
2903,
2904,
2905,
2906,
2907,
2908,
2909,xho
2910,afr
2911,
2912,
2913,
2914,nso
2915,
2916,
2917,
2918,
2919,
2920,
2921,
2922,
2923,
2924,
2925,zul
2926,
2927,
2928,
2929,
2930,
2931,
2932,tsn
2933,
2934,
2935,
2936,ssw
2937,
2938,
2939,
2940,
2941,
2942,
2943,
2944,
2945,
2946,
2947,
2948,
2949,
2950,ven
2951,
2952,tsn
2953,ssw
2954,
2955,
2956,
2957,
2958,
2959,
2960,
2961,
2962,
2963,
2964,
2965,
2966,
2967,
2968,
2969,
2970,
2971,
2972,
2973,
2974,
2975,afr
2976,xho
2977,nbl
2978,
2979,
2980,
2981,
2982,
2983,sot
2984,xho
2985,
2986,
2987,nbl
2988,zul
2989,
2990,
2991,
2992,
2993,
2994,
2995,
2996,
2997,
2998,
2999,
3000,
3001,
3002,zul
3003,
3004,ssw
3005,zul
3006,
3007,
3008,
3009,tso
3010,
3011,
3012,
3013,ssw
3014,
3015,
3016,
3017,nbl
3018,
3019,
3020,
3021,nbl
3022,tsn
3023,
3024,eng
3025,
3026,
3027,
3028,
3029,
3030,
3031,
3032,
3033,xho
3034,
3035,
3036,
3037,
3038,
3039,
3040,
3041,
3042,
3043,
3044,
3045,
3046,
3047,ven
3048,
3049,
3050,
3051,
3052,
3053,
3054,
3055,
3056,
3057,
3058,
3059,
3060,
3061,tsn
3062,
3063,
3064,
3065,
3066,
3067,ven
3068,
3069,zul
3070,
3071,
3072,
3073,eng
3074,
3075,
3076,
3077,
3078,
3079,
3080,
3081,
3082,
3083,tsn
3084,
3085,
3086,eng
3087,
3088,
3089,
3090,
3091,
3092,tsn
3093,tsn
3094,
3095,
3096,
3097,xho
3098,
3099,
3100,
3101,
3102,
3103,
3104,
3105,zul
3106,nso
3107,
3108,
3109,
3110,
3111,
3112,nbl
3113,tso
3114,tso
3115,
3116,
3117,
3118,
3119,
3120,
3121,
3122,ven
3123,
3124,
3125,
3126,
3127,
3128,
3129,zul
3130,
3131,
3132,tso
3133,
3134,
3135,ven
3136,sot
3137,
3138,
3139,tso
3140,eng
3141,
3142,
3143,
3144,
3145,
3146,
3147,
3148,
3149,
3150,
3151,
3152,
3153,
3154,
3155,
3156,nso
3157,
3158,ven
3159,
3160,
3161,xho
3162,nbl
3163,
3164,
3165,
3166,
3167,
3168,
3169,
3170,
3171,
3172,
3173,
3174,
3175,ven
3176,
3177,
3178,
3179,
3180,eng
3181,ssw
3182,
3183,
3184,
3185,
3186,
3187,nso
3188,
3189,nbl
3190,sot
3191,afr
3192,
3193,
3194,
3195,
3196,
3197,
3198,
3199,afr
3200,
3201,
3202,
3203,eng
3204,
3205,
3206,
3207,afr
3208,afr
3209,nbl
3210,
3211,afr
3212,
3213,
3214,
3215,
3216,
3217,afr
3218,
3219,nbl
3220,
3221,ven
3222,
3223,
3224,
3225,
3226,
3227,
3228,
3229,
3230,
3231,sot
3232,nbl
3233,
3234,
3235,
3236,
3237,
3238,
3239,ven
3240,
3241,
3242,
3243,
3244,
3245,
3246,
3247,
3248,tso
3249,
3250,afr
3251,tsn
3252,
3253,
3254,
3255,
3256,xho
3257,
3258,
3259,
3260,
3261,
3262,
3263,
3264,
3265,
3266,
3267,
3268,
3269,
3270,
3271,
3272,sot
3273,
3274,
3275,
3276,
3277,ven
3278,
3279,afr
3280,
3281,
3282,
3283,
3284,eng
3285,
3286,
3287,tso
3288,
3289,
3290,
3291,
3292,
3293,zul
3294,
3295,nso
3296,tsn
3297,
3298,sot
3299,sot
3300,
3301,
3302,eng
3303,
3304,
3305,
3306,
3307,
3308,
3309,
3310,
3311,
3312,
3313,
3314,
3315,
3316,
3317,nbl
3318,
3319,eng
3320,
3321,nso
3322,
3323,
3324,ssw
3325,
3326,tsn
3327,
3328,
3329,
3330,
3331,
3332,
3333,
3334,
3335,
3336,
3337,
3338,
3339,
3340,
3341,tso
3342,tso
3343,
3344,
3345,
3346,
3347,
3348,
3349,
3350,
3351,
3352,
3353,
3354,sot
3355,ssw
3356,
3357,
3358,
3359,
3360,
3361,
3362,
3363,
3364,
3365,tsn
3366,
3367,
3368,
3369,
3370,
3371,ven
3372,
3373,afr
3374,afr
3375,
3376,nso
3377,
3378,eng
3379,
3380,
3381,
3382,tsn
3383,ven
3384,
3385,
3386,
3387,
3388,
3389,
3390,
3391,
3392,
3393,
3394,eng
3395,
3396,tsn
3397,
3398,
3399,
3400,
3401,xho
3402,
3403,
3404,
3405,
3406,
3407,
3408,
3409,
3410,
3411,
3412,
3413,
3414,nbl
3415,
3416,
3417,
3418,
3419,
3420,nbl
3421,
3422,
3423,
3424,
3425,sot
3426,ven
3427,
3428,
3429,
3430,
3431,
3432,
3433,
3434,
3435,
3436,
3437,
3438,
3439,
3440,afr
3441,
3442,tsn
3443,
3444,
3445,
3446,nso
3447,
3448,
3449,
3450,
3451,
3452,afr
3453,
3454,
3455,
3456,
3457,
3458,
3459,
3460,nso
3461,
3462,
3463,
3464,
3465,
3466,
3467,
3468,
3469,
3470,
3471,
3472,
3473,zul
3474,ven
3475,
3476,tsn
3477,
3478,
3479,
3480,
3481,nso
3482,
3483,
3484,
3485,
3486,ven
3487,
3488,
3489,
3490,
3491,
3492,
3493,
3494,ssw
3495,
3496,
3497,
3498,
3499,
3500,
3501,afr
3502,
3503,
3504,
3505,
3506,
3507,
3508,
3509,afr
3510,
3511,
3512,
3513,
3514,sot
3515,
3516,
3517,
3518,
3519,
3520,
3521,nbl
3522,
3523,
3524,
3525,
3526,
3527,
3528,
3529,
3530,
3531,sot
3532,
3533,
3534,
3535,
3536,
3537,ssw
3538,
3539,
3540,
3541,
3542,
3543,tsn
3544,
3545,
3546,
3547,
3548,
3549,
3550,
3551,
3552,
3553,zul
3554,
3555,
3556,nso
3557,
3558,nso
3559,
3560,
3561,ven
3562,ven
3563,
3564,
3565,
3566,
3567,
3568,
3569,
3570,
3571,sot
3572,
3573,
3574,
3575,
3576,
3577,
3578,
3579,
3580,
3581,sot
3582,
3583,
3584,afr
3585,
3586,
3587,nbl
3588,
3589,eng
3590,
3591,
3592,
3593,nbl
3594,
3595,
3596,
3597,
3598,
3599,
3600,
3601,
3602,
3603,
3604,
3605,
3606,
3607,ssw
3608,
3609,tso
3610,ssw
3611,
3612,
3613,eng
3614,eng
3615,
3616,
3617,
3618,
3619,
3620,
3621,xho
3622,
3623,
3624,
3625,zul
3626,
3627,
3628,
3629,zul
3630,
3631,
3632,
3633,
3634,nbl
3635,
3636,
3637,
3638,tsn
3639,
3640,
3641,zul
3642,
3643,
3644,
3645,zul
3646,
3647,
3648,
3649,xho
3650,
3651,
3652,
3653,tsn
3654,ven
3655,
3656,
3657,
3658,
3659,
3660,afr
3661,ven
3662,
3663,
3664,
3665,
3666,
3667,
3668,
3669,xho
3670,
3671,nbl
3672,
3673,
3674,
3675,ven
3676,
3677,
3678,
3679,zul
3680,
3681,zul
3682,
3683,
3684,
3685,
3686,
3687,
3688,
3689,
3690,afr
3691,
3692,xho
3693,
3694,
3695,nbl
3696,zul
3697,
3698,xho
3699,nso
3700,nso
3701,
3702,
3703,
3704,afr
3705,
3706,
3707,
3708,
3709,
3710,
3711,sot
3712,
3713,tsn
3714,
3715,
3716,
3717,
3718,
3719,
3720,
3721,
3722,
3723,
3724,
3725,
3726,
3727,
3728,nbl
3729,
3730,tsn
3731,
3732,
3733,
3734,
3735,
3736,tsn
3737,
3738,
3739,
3740,
3741,
3742,zul
3743,
3744,
3745,
3746,
3747,
3748,nbl
3749,
3750,
3751,
3752,
3753,
3754,
3755,
3756,afr
3757,
3758,
3759,
3760,
3761,xho
3762,tsn
3763,
3764,
3765,
3766,
3767,
3768,
3769,
3770,
3771,
3772,
3773,ven
3774,
3775,
3776,tso
3777,xho
3778,
3779,
3780,
3781,
3782,
3783,
3784,nso
3785,sot
3786,
3787,
3788,
3789,
3790,
3791,eng
3792,
3793,
3794,
3795,
3796,
3797,
3798,
3799,xho
3800,
3801,
3802,
3803,ven
3804,
3805,
3806,
3807,
3808,nbl
3809,
3810,zul
3811,tsn
3812,
3813,
3814,
3815,
3816,
3817,
3818,
3819,
3820,
3821,
3822,
3823,
3824,
3825,
3826,
3827,
3828,tso
3829,tsn
3830,
3831,
3832,
3833,
3834,
3835,tso
3836,
3837,
3838,
3839,
3840,nbl
3841,ven
3842,
3843,
3844,
3845,
3846,
3847,
3848,
3849,
3850,
3851,
3852,
3853,
3854,sot
3855,
3856,
3857,tso
3858,nso
3859,
3860,afr
3861,
3862,
3863,tso
3864,nso
3865,xho
3866,afr
3867,xho
3868,afr
3869,sot
3870,
3871,
3872,
3873,
3874,
3875,
3876,
3877,
3878,
3879,
3880,nbl
3881,eng
3882,
3883,
3884,
3885,
3886,
3887,sot
3888,tsn
3889,
3890,
3891,
3892,
3893,
3894,
3895,zul
3896,
3897,
3898,
3899,
3900,
3901,
3902,
3903,
3904,
3905,tso
3906,
3907,
3908,
3909,
3910,
3911,
3912,
3913,
3914,eng
3915,
3916,
3917,
3918,
3919,
3920,
3921,
3922,
3923,
3924,
3925,
3926,
3927,
3928,
3929,
3930,
3931,zul
3932,
3933,
3934,
3935,
3936,
3937,zul
3938,
3939,sot
3940,
3941,eng
3942,nbl
3943,xho
3944,
3945,
3946,
3947,
3948,
3949,ven
3950,tsn
3951,
3952,
3953,eng
3954,
3955,
3956,
3957,
3958,
3959,
3960,
3961,
3962,ven
3963,zul
3964,afr
3965,tso
3966,
3967,
3968,
3969,
3970,
3971,
3972,
3973,
3974,
3975,
3976,
3977,
3978,tsn
3979,
3980,
3981,ven
3982,
3983,tsn
3984,
3985,
3986,
3987,ssw
3988,
3989,
3990,
3991,
3992,
3993,
3994,
3995,nso
3996,ven
3997,
3998,
3999,
4000,
4001,
4002,
4003,tso
4004,
4005,tsn
4006,
4007,
4008,
4009,
4010,
4011,
4012,
4013,
4014,
4015,
4016,
4017,
4018,ven
4019,nso
4020,
4021,
4022,
4023,
4024,
4025,
4026,
4027,
4028,tso
4029,eng
4030,ven
4031,
4032,
4033,zul
4034,
4035,
4036,ven
4037,
4038,
4039,
4040,
4041,
4042,
4043,
4044,
4045,
4046,
4047,
4048,
4049,eng
4050,
4051,
4052,
4053,
4054,
4055,ssw
4056,
4057,afr
4058,
4059,
4060,
4061,
4062,
4063,xho
4064,
4065,
4066,
4067,
4068,
4069,xho
4070,
4071,
4072,
4073,
4074,
4075,
4076,
4077,tso
4078,
4079,eng
4080,
4081,
4082,ven
4083,
4084,
4085,
4086,
4087,
4088,ven
4089,ven
4090,tso
4091,
4092,ven
4093,
4094,eng
4095,
4096,
4097,
4098,zul
4099,
4100,tsn
4101,
4102,
4103,
4104,
4105,
4106,
4107,
4108,afr
4109,sot
4110,
4111,
4112,
4113,
4114,ssw
4115,
4116,
4117,ven
4118,
4119,tso
4120,
4121,
4122,nso
4123,tso
4124,
4125,zul
4126,
4127,
4128,
4129,
4130,
4131,
4132,nso
4133,
4134,
4135,afr
4136,nso
4137,tsn
4138,
4139,
4140,
4141,
4142,nbl
4143,
4144,
4145,afr
4146,
4147,
4148,afr
4149,
4150,eng
4151,tso
4152,
4153,
4154,afr
4155,
4156,
4157,
4158,
4159,
4160,
4161,
4162,
4163,
4164,
4165,
4166,
4167,
4168,
4169,xho
4170,zul
4171,
4172,ssw
4173,
4174,
4175,
4176,
4177,tsn
4178,
4179,nbl
4180,
4181,
4182,
4183,
4184,
4185,
4186,
4187,
4188,
4189,
4190,
4191,
4192,
4193,
4194,
4195,
4196,afr
4197,
4198,
4199,
4200,
4201,
4202,nbl
4203,xho
4204,
4205,
4206,
4207,tsn
4208,
4209,
4210,
4211,
4212,
4213,
4214,
4215,
4216,
4217,
4218,
4219,
4220,tsn
4221,tso
4222,eng
4223,
4224,
4225,
4226,
4227,
4228,
4229,
4230,
4231,eng
4232,
4233,zul
4234,
4235,
4236,
4237,
4238,
4239,
4240,
4241,afr
4242,tsn
4243,
4244,
4245,
4246,
4247,tsn
4248,
4249,
4250,
4251,
4252,
4253,
4254,ven
4255,
4256,
4257,
4258,
4259,
4260,
4261,
4262,xho
4263,
4264,
4265,afr
4266,
4267,
4268,
4269,
4270,
4271,
4272,
4273,
4274,
4275,
4276,
4277,
4278,
4279,
4280,
4281,
4282,
4283,
4284,eng
4285,
4286,
4287,
4288,
4289,
4290,
4291,
4292,
4293,
4294,
4295,
4296,
4297,
4298,
4299,
4300,
4301,
4302,
4303,
4304,
4305,
4306,
4307,
4308,
4309,
4310,
4311,sot
4312,eng
4313,afr
4314,
4315,tso
4316,
4317,
4318,afr
4319,
4320,
4321,
4322,
4323,ssw
4324,nbl
4325,
4326,
4327,
4328,
4329,
4330,eng
4331,
4332,
4333,
4334,
4335,
4336,nbl
4337,
4338,
4339,
4340,
4341,
4342,
4343,ven
4344,
4345,ven
4346,
4347,
4348,
4349,
4350,
4351,
4352,
4353,
4354,
4355,
4356,
4357,ssw
4358,
4359,
4360,
4361,eng
4362,tso
4363,
4364,
4365,
4366,xho
4367,
4368,
4369,
4370,
4371,
4372,
4373,
4374,
4375,ven
4376,zul
4377,
4378,
4379,
4380,
4381,
4382,ssw
4383,
4384,
4385,
4386,
4387,tso
4388,
4389,
4390,
4391,
4392,
4393,
4394,xho
4395,
4396,
4397,ven
4398,
4399,
4400,
4401,
4402,
4403,xho
4404,
4405,
4406,
4407,
4408,
4409,
4410,
4411,
4412,eng
4413,
4414,
4415,
4416,
4417,
4418,
4419,tso
4420,
4421,
4422,
4423,
4424,
4425,
4426,
4427,tsn
4428,
4429,
4430,
4431,
4432,nbl
4433,
4434,
4435,
4436,
4437,nbl
4438,
4439,
4440,
4441,
4442,
4443,
4444,
4445,sot
4446,
4447,
4448,
4449,nbl
4450,
4451,
4452,
4453,
4454,
4455,
4456,
4457,
4458,
4459,tso
4460,
4461,tsn
4462,
4463,
4464,
4465,
4466,
4467,
4468,
4469,nso
4470,
4471,
4472,
4473,
4474,
4475,
4476,
4477,
4478,zul
4479,ven
4480,
4481,
4482,ssw
4483,
4484,
4485,
4486,
4487,
4488,
4489,
4490,
4491,ssw
4492,ven
4493,
4494,
4495,
4496,afr
4497,eng
4498,
4499,afr
4500,
4501,
4502,
4503,xho
4504,xho
4505,
4506,
4507,
4508,
4509,
4510,
4511,
4512,eng
4513,ssw
4514,
4515,
4516,
4517,
4518,
4519,
4520,
4521,
4522,
4523,
4524,
4525,
4526,
4527,
4528,
4529,
4530,
4531,
4532,
4533,afr
4534,
4535,tsn
4536,
4537,
4538,
4539,
4540,
4541,
4542,
4543,
4544,
4545,nso
4546,
4547,
4548,
4549,
4550,
4551,
4552,
4553,
4554,ssw
4555,
4556,
4557,
4558,
4559,
4560,
4561,tso
4562,
4563,
4564,tso
4565,
4566,
4567,afr
4568,sot
4569,
4570,tso
4571,
4572,
4573,
4574,ven
4575,
4576,
4577,
4578,
4579,ssw
4580,
4581,
4582,zul
4583,
4584,
4585,afr
4586,sot
4587,
4588,
4589,
4590,
4591,
4592,
4593,
4594,
4595,
4596,
4597,
4598,
4599,
4600,ssw
4601,
4602,
4603,
4604,
4605,
4606,nso
4607,
4608,
4609,
4610,
4611,xho
4612,
4613,
4614,
4615,
4616,tso
4617,
4618,
4619,
4620,
4621,
4622,
4623,
4624,
4625,
4626,
4627,zul
4628,
4629,tsn
4630,
4631,
4632,
4633,
4634,nso
4635,
4636,
4637,
4638,
4639,
4640,
4641,
4642,
4643,nbl
4644,
4645,
4646,xho
4647,nso
4648,sot
4649,
4650,
4651,
4652,
4653,
4654,
4655,
4656,
4657,
4658,
4659,
4660,sot
4661,
4662,
4663,
4664,
4665,
4666,
4667,
4668,afr
4669,
4670,
4671,
4672,
4673,
4674,
4675,
4676,
4677,
4678,
4679,
4680,
4681,
4682,
4683,xho
4684,
4685,
4686,
4687,
4688,
4689,nso
4690,
4691,
4692,
4693,zul
4694,
4695,
4696,ven
4697,
4698,
4699,
4700,
4701,
4702,xho
4703,
4704,
4705,
4706,
4707,
4708,tso
4709,zul
4710,
4711,
4712,
4713,xho
4714,
4715,nso
4716,sot
4717,
4718,
4719,
4720,
4721,
4722,ssw
4723,
4724,xho
4725,
4726,
4727,
4728,
4729,xho
4730,afr
4731,
4732,
4733,
4734,
4735,
4736,
4737,
4738,sot
4739,
4740,
4741,
4742,
4743,
4744,
4745,
4746,sot
4747,
4748,
4749,
4750,
4751,
4752,
4753,
4754,
4755,
4756,
4757,
4758,
4759,
4760,
4761,
4762,
4763,
4764,
4765,
4766,
4767,nbl
4768,tsn
4769,
4770,sot
4771,
4772,
4773,
4774,
4775,
4776,
4777,
4778,zul
4779,
4780,
4781,
4782,
4783,nso
4784,
4785,
4786,
4787,
4788,
4789,zul
4790,
4791,
4792,
4793,
4794,
4795,
4796,
4797,
4798,
4799,
4800,
4801,
4802,
4803,ven
4804,
4805,
4806,sot
4807,
4808,sot
4809,nso
4810,
4811,sot
4812,
4813,
4814,
4815,
4816,
4817,
4818,
4819,
4820,
4821,
4822,
4823,
4824,
4825,
4826,
4827,
4828,eng
4829,
4830,
4831,
4832,
4833,afr
4834,
4835,
4836,
4837,
4838,xho
4839,
4840,ven
4841,
4842,
4843,
4844,
4845,
4846,
4847,
4848,
4849,
4850,
4851,
4852,
4853,
4854,
4855,
4856,xho
4857,
4858,
4859,
4860,
4861,
4862,
4863,
4864,
4865,
4866,
4867,
4868,
4869,
4870,
4871,ssw
4872,sot
4873,sot
4874,afr
4875,
4876,
4877,
4878,
4879,
4880,
4881,
4882,
4883,
4884,
4885,
4886,
4887,
4888,
4889,
4890,nso
4891,
4892,
4893,
4894,
4895,
4896,
4897,afr
4898,xho
4899,tsn
4900,
4901,
4902,eng
4903,
4904,
4905,sot
4906,
4907,ssw
4908,
4909,
4910,
4911,ven
4912,
4913,
4914,
4915,
4916,
4917,
4918,
4919,
4920,tsn
4921,
4922,
4923,
4924,
4925,nbl
4926,
4927,
4928,
4929,
4930,
4931,
4932,sot
4933,
4934,ven
4935,
4936,eng
4937,
4938,
4939,
4940,
4941,
4942,eng
4943,
4944,
4945,
4946,
4947,
4948,tso
4949,
4950,
4951,
4952,
4953,xho
4954,
4955,
4956,afr
4957,
4958,
4959,ssw
4960,
4961,
4962,
4963,
4964,
4965,
4966,
4967,
4968,
4969,
4970,
4971,
4972,
4973,nbl
4974,
4975,
4976,
4977,zul
4978,
4979,
4980,
4981,zul
4982,
4983,
4984,
4985,tsn
4986,
4987,ven
4988,
4989,
4990,tsn
4991,
4992,
4993,
4994,
4995,
4996,
4997,ssw
4998,
4999,
5000,
5001,
5002,
5003,eng
5004,ven
5005,
5006,
5007,
5008,
5009,
5010,
5011,
5012,
5013,
5014,
5015,nbl
5016,
5017,
5018,tsn
5019,
5020,
5021,
5022,
5023,
5024,
5025,xho
5026,
5027,
5028,
5029,
5030,
5031,
5032,
5033,
5034,
5035,
5036,
5037,
5038,eng
5039,
5040,
5041,ssw
5042,
5043,
5044,
5045,
5046,eng
5047,nso
5048,
5049,tso
5050,
5051,
5052,
5053,sot
5054,
5055,
5056,
5057,
5058,
5059,
5060,
5061,
5062,ven
5063,xho
5064,
5065,
5066,
5067,
5068,
5069,
5070,ven
5071,
5072,
5073,
5074,
5075,
5076,
5077,tsn
5078,
5079,eng
5080,
5081,
5082,
5083,
5084,
5085,
5086,sot
5087,
5088,
5089,
5090,ssw
5091,
5092,
5093,
5094,
5095,ven
5096,
5097,
5098,
5099,eng
5100,
5101,
5102,
5103,
5104,
5105,
5106,eng
5107,nso
5108,
5109,
5110,
5111,
5112,
5113,nso
5114,
5115,
5116,
5117,
5118,xho
5119,
5120,
5121,ven
5122,
5123,
5124,
5125,nbl
5126,nbl
5127,tsn
5128,eng
5129,
5130,ven
5131,
5132,nso
5133,nso
5134,
5135,
5136,
5137,xho
5138,
5139,xho
5140,
5141,
5142,
5143,
5144,
5145,zul
5146,
5147,
5148,
5149,
5150,
5151,
5152,
5153,
5154,
5155,
5156,
5157,
5158,
5159,
5160,xho
5161,nso
5162,
5163,
5164,
5165,tsn
5166,
5167,ssw
5168,
5169,
5170,
5171,
5172,
5173,tsn
5174,ssw
5175,
5176,tso
5177,
5178,ven
5179,
5180,
5181,
5182,
5183,
5184,eng
5185,
5186,
5187,
5188,tso
5189,
5190,
5191,
5192,
5193,
5194,
5195,tso
5196,
5197,
5198,afr
5199,
5200,
5201,eng
5202,
5203,nbl
5204,
5205,
5206,
5207,
5208,
5209,sot
5210,ssw
5211,
5212,
5213,
5214,xho
5215,zul
5216,
5217,
5218,
5219,
5220,
5221,
5222,nso
5223,
5224,
5225,
5226,ssw
5227,
5228,
5229,sot
5230,
5231,
5232,
5233,nbl
5234,
5235,
5236,nbl
5237,
5238,
5239,
5240,nbl
5241,zul
5242,
5243,
5244,
5245,eng
5246,
5247,
5248,
5249,
5250,
5251,
5252,
5253,
5254,
5255,
5256,
5257,
5258,
5259,
5260,
5261,tsn
5262,
5263,
5264,
5265,nbl
5266,
5267,
5268,
5269,xho
5270,
5271,afr
5272,zul
5273,sot
5274,tsn
5275,
5276,
5277,zul
5278,nbl
5279,afr
5280,
5281,
5282,
5283,
5284,
5285,
5286,
5287,
5288,zul
5289,
5290,
5291,
5292,
5293,
5294,eng
5295,
5296,
5297,
5298,
5299,
5300,nso
5301,
5302,
5303,
5304,
5305,nbl
5306,
5307,
5308,nbl
5309,
5310,
5311,
5312,
5313,tsn
5314,
5315,nbl
5316,zul
5317,
5318,
5319,
5320,
5321,
5322,
5323,tso
5324,
5325,
5326,
5327,
5328,
5329,
5330,
5331,
5332,
5333,
5334,
5335,
5336,
5337,tso
5338,
5339,
5340,nbl
5341,
5342,
5343,
5344,
5345,
5346,
5347,
5348,nbl
5349,
5350,
5351,
5352,sot
5353,
5354,
5355,
5356,
5357,
5358,
5359,sot
5360,
5361,
5362,
5363,ssw
5364,ssw
5365,
5366,tso
5367,nbl
5368,
5369,ssw
5370,
5371,
5372,
5373,
5374,
5375,
5376,tsn
5377,
5378,
5379,zul
5380,
5381,
5382,
5383,nbl
5384,
5385,ven
5386,
5387,
5388,
5389,
5390,xho
5391,
5392,nbl
5393,
5394,
5395,
5396,tsn
5397,xho
5398,
5399,
5400,
5401,
5402,
5403,sot
5404,
5405,
5406,tsn
5407,
5408,
5409,
5410,
5411,eng
5412,tsn
5413,
5414,
5415,
5416,
5417,
5418,
5419,
5420,
5421,
5422,ssw
5423,sot
5424,
5425,
5426,
5427,
5428,
5429,
5430,
5431,
5432,
5433,ven
5434,nso
5435,
5436,zul
5437,
5438,
5439,
5440,tso
5441,
5442,
5443,
5444,
5445,nbl
5446,
5447,
5448,
5449,
5450,ssw
5451,
5452,
5453,
5454,tsn
5455,
5456,
5457,
5458,
5459,nbl
5460,
5461,
5462,
5463,
5464,
5465,
5466,
5467,
5468,
5469,
5470,
5471,
5472,
5473,ven
5474,
5475,
5476,
5477,
5478,
5479,
5480,
5481,nbl
5482,
5483,
5484,
5485,
5486,ven
5487,
5488,ven
5489,
5490,
5491,
5492,
5493,
5494,
5495,nbl
5496,
5497,
5498,
5499,
5500,
5501,
5502,
5503,
5504,
5505,
5506,
5507,
5508,nbl
5509,
5510,
5511,
5512,
5513,
5514,nbl
5515,
5516,
5517,
5518,nbl
5519,
5520,
5521,
5522,
5523,afr
5524,zul
5525,
5526,
5527,ven
5528,
5529,
5530,
5531,
5532,
5533,
5534,
5535,
5536,
5537,
5538,
5539,
5540,sot
5541,
5542,
5543,
5544,
5545,eng
5546,
5547,
5548,ven
5549,
5550,nbl
5551,sot
5552,
5553,sot
5554,
5555,
5556,
5557,
5558,
5559,
5560,
5561,
5562,
5563,
5564,
5565,
5566,zul
5567,
5568,
5569,
5570,
5571,nbl
5572,xho
5573,
5574,
5575,
5576,
5577,
5578,sot
5579,
5580,
5581,
5582,
5583,
5584,ven
5585,
5586,
5587,
5588,
5589,sot
5590,
5591,ssw
5592,
5593,ssw
5594,
5595,ssw
5596,
5597,nbl
5598,
5599,nso
5600,
5601,
5602,
5603,
5604,tsn
5605,
5606,nso
5607,
5608,
5609,
5610,
5611,
5612,sot
5613,
5614,nbl
5615,
5616,
5617,
5618,
5619,
5620,
5621,
5622,
5623,
5624,
5625,
5626,
5627,eng
5628,
5629,
5630,zul
5631,
5632,
5633,
5634,
5635,
5636,
5637,
5638,ssw
5639,
5640,
5641,
5642,
5643,
5644,
5645,
5646,xho
5647,
5648,
5649,tso
5650,
5651,
5652,
5653,
5654,eng
5655,
5656,zul
5657,tso
5658,
5659,sot
5660,afr
5661,
5662,
5663,
5664,
5665,
5666,nbl
5667,
5668,ven
5669,
5670,
5671,
5672,ven
5673,
5674,
5675,
5676,
5677,eng
5678,
5679,
5680,
5681,
5682,
